,mz,rt(min)
1,121.065285072926,1.0029416666666666
2,122.068672864025,1.0029333333333335
3,124.025071465157,20.407666666666668
